#,Name,Type 1,Type 2,Total,HP,Attack,Defense,Sp. Atk,Sp. Def,Speed,Generation,Legendary,Panjang Nama
1,Bulbasaur,Grass,Poison,318,45,49,49,65,65,45,1,False,9
2,Ivysaur,Grass,Poison,405,60,62,63,80,80,60,1,False,7
3,Venusaur,Grass,Poison,525,80,82,83,100,100,80,1,False,8
3,VenusaurMega Venusaur,Grass,Poison,625,80,100,123,122,120,80,1,False,21
4,Charmander,Fire,Normal,309,39,52,43,60,50,65,1,False,10
5,Charmeleon,Fire,Poison,405,58,64,58,80,65,80,1,False,10
6,Charizard,Fire,Flying,534,78,84,78,109,85,100,1,False,9
6,CharizardMega Charizard X,Fire,Dragon,634,78,130,111,130,85,100,1,False,25
6,CharizardMega Charizard Y,Fire,Flying,634,78,104,78,159,115,100,1,False,25
7,Squirtle,Water,Rock,314,44,48,65,50,64,43,1,False,8
8,Wartortle,Water,Bug,405,59,63,80,65,80,58,1,False,9
9,Blastoise,Water,Fighting,530,79,83,100,85,105,78,1,False,9
9,BlastoiseMega Blastoise,Water,Fire,630,79,103,120,135,115,78,1,False,23
10,Caterpie,Bug,Bug,195,45,30,35,20,20,45,1,False,8
11,Metapod,Bug,Bug,205,50,20,55,25,25,30,1,False,7
12,Butterfree,Bug,Flying,395,60,45,50,90,80,70,1,False,10
13,Weedle,Bug,Poison,195,40,35,30,20,20,50,1,False,6
14,Kakuna,Bug,Poison,205,45,25,50,25,25,35,1,False,6
15,Beedrill,Bug,Poison,395,65,90,40,45,80,75,1,False,8
15,BeedrillMega Beedrill,Bug,Poison,495,65,150,40,15,80,145,1,False,21
16,Pidgey,Normal,Flying,251,40,45,40,35,35,56,1,False,6
17,Pidgeotto,Normal,Flying,349,63,60,55,50,50,71,1,False,9
18,Pidgeot,Normal,Flying,479,83,80,75,70,70,101,1,False,7
18,PidgeotMega Pidgeot,Normal,Flying,579,83,80,80,135,80,121,1,False,19
19,Rattata,Normal,Bug,253,30,56,35,25,35,72,1,False,7
20,Raticate,Normal,Bug,413,55,81,60,50,70,97,1,False,8
21,Spearow,Normal,Flying,262,40,60,30,31,31,70,1,False,7
22,Fearow,Normal,Flying,442,65,90,65,61,61,100,1,False,6
23,Ekans,Poison,Bug,288,35,60,44,40,54,55,1,False,5
24,Arbok,Poison,Ghost,438,60,85,69,65,79,80,1,False,5
25,Pikachu,Electric,Normal,320,35,55,40,50,50,90,1,False,7
26,Raichu,Electric,Normal,485,60,90,55,90,80,110,1,False,6
27,Sandshrew,Ground,Bug,300,50,75,85,20,30,40,1,False,9
28,Sandslash,Ground,Bug,450,75,100,110,45,55,65,1,False,9
29,Nidoran♀,Poison,Bug,275,55,47,52,40,40,41,1,False,8
30,Nidorina,Poison,Fairy,365,70,62,67,55,55,56,1,False,8
31,Nidoqueen,Poison,Ground,505,90,92,87,75,85,76,1,False,9
32,Nidoran♂,Poison,Bug,273,46,57,40,40,40,50,1,False,8
33,Nidorino,Poison,Poison,365,61,72,57,55,55,65,1,False,8
34,Nidoking,Poison,Ground,505,81,102,77,85,75,85,1,False,8
35,Clefairy,Fairy,Normal,323,70,45,48,60,65,35,1,False,8
36,Clefable,Fairy,Ice,483,95,70,73,95,90,60,1,False,8
37,Vulpix,Fire,Normal,299,38,41,40,50,65,65,1,False,6
38,Ninetales,Fire,Psychic,505,73,76,75,81,100,100,1,False,9
39,Jigglypuff,Normal,Fairy,270,115,45,20,45,25,20,1,False,10
40,Wigglytuff,Normal,Fairy,435,140,70,45,85,50,45,1,False,10
41,Zubat,Poison,Flying,245,40,45,35,30,40,55,1,False,5
42,Golbat,Poison,Flying,455,75,80,70,65,75,90,1,False,6
43,Oddish,Grass,Poison,320,45,50,55,75,65,30,1,False,6
44,Gloom,Grass,Poison,395,60,65,70,85,75,40,1,False,5
45,Vileplume,Grass,Poison,490,75,80,85,110,90,50,1,False,9
46,Paras,Bug,Grass,285,35,70,55,45,55,25,1,False,5
47,Parasect,Bug,Grass,405,60,95,80,60,80,30,1,False,8
48,Venonat,Bug,Poison,305,60,55,50,40,55,45,1,False,7
49,Venomoth,Bug,Poison,450,70,65,60,90,75,90,1,False,8
50,Diglett,Ground,Normal,265,10,55,25,35,45,95,1,False,7
51,Dugtrio,Ground,Normal,405,35,80,50,50,70,120,1,False,7
52,Meowth,Normal,Normal,290,40,45,35,40,40,90,1,False,6
53,Persian,Normal,Ground,440,65,70,60,65,65,115,1,False,7
54,Psyduck,Water,Ground,320,50,52,48,65,50,55,1,False,7
55,Golduck,Water,Bug,500,80,82,78,95,80,85,1,False,7
56,Mankey,Fighting,Bug,305,40,80,35,35,45,70,1,False,6
57,Primeape,Fighting,Dark,455,65,105,60,60,70,95,1,False,8
58,Growlithe,Fire,Bug,350,55,70,45,70,50,60,1,False,9
59,Arcanine,Fire,Bug,555,90,110,80,100,80,95,1,False,8
60,Poliwag,Water,Normal,300,40,50,40,40,40,90,1,False,7
61,Poliwhirl,Water,Flying,385,65,65,65,50,50,90,1,False,9
62,Poliwrath,Water,Fighting,510,90,95,95,70,90,70,1,False,9
63,Abra,Psychic,Normal,310,25,20,15,105,55,90,1,False,4
64,Kadabra,Psychic,Normal,400,40,35,30,120,70,105,1,False,7
65,Alakazam,Psychic,Normal,500,55,50,45,135,95,120,1,False,8
65,AlakazamMega Alakazam,Psychic,Normal,590,55,50,65,175,95,150,1,False,21
66,Machop,Fighting,Bug,305,70,80,50,35,35,35,1,False,6
67,Machoke,Fighting,Electric,405,80,100,70,50,60,45,1,False,7
68,Machamp,Fighting,Ground,505,90,130,80,65,85,55,1,False,7
69,Bellsprout,Grass,Poison,300,50,75,35,70,30,40,1,False,10
70,Weepinbell,Grass,Poison,390,65,90,50,85,45,55,1,False,10
71,Victreebel,Grass,Poison,490,80,105,65,100,70,70,1,False,10
72,Tentacool,Water,Poison,335,40,40,35,50,100,70,1,False,9
73,Tentacruel,Water,Poison,515,80,70,65,80,120,100,1,False,10
74,Geodude,Rock,Ground,300,40,80,100,30,30,20,1,False,7
75,Graveler,Rock,Ground,390,55,95,115,45,45,35,1,False,8
76,Golem,Rock,Ground,495,80,120,130,55,65,45,1,False,5
77,Ponyta,Fire,Normal,410,50,85,55,65,65,90,1,False,6
78,Rapidash,Fire,Electric,500,65,100,70,80,80,105,1,False,8
79,Slowpoke,Water,Psychic,315,90,65,65,40,40,15,1,False,8
80,Slowbro,Water,Psychic,490,95,75,110,100,80,30,1,False,7
80,SlowbroMega Slowbro,Water,Psychic,590,95,75,180,130,80,30,1,False,19
81,Magnemite,Electric,Steel,325,25,35,70,95,55,45,1,False,9
82,Magneton,Electric,Steel,465,50,60,95,120,70,70,1,False,8
83,Farfetch'd,Normal,Flying,352,52,65,55,58,62,60,1,False,10
84,Doduo,Normal,Flying,310,35,85,45,35,35,75,1,False,5
85,Dodrio,Normal,Flying,460,60,110,70,60,60,100,1,False,6
86,Seel,Water,Normal,325,65,45,55,45,70,45,1,False,4
87,Dewgong,Water,Ice,475,90,70,80,70,95,70,1,False,7
88,Grimer,Poison,Bug,325,80,80,50,40,50,25,1,False,6
89,Muk,Poison,Dark,500,105,105,75,65,100,50,1,False,3
90,Shellder,Water,Bug,305,30,65,100,45,25,40,1,False,8
91,Cloyster,Water,Ice,525,50,95,180,85,45,70,1,False,8
92,Gastly,Ghost,Poison,310,30,35,30,100,35,80,1,False,6
93,Haunter,Ghost,Poison,405,45,50,45,115,55,95,1,False,7
94,Gengar,Ghost,Poison,500,60,65,60,130,75,110,1,False,6
94,GengarMega Gengar,Ghost,Poison,600,60,65,80,170,95,130,1,False,17
95,Onix,Rock,Ground,385,35,45,160,30,45,70,1,False,4
96,Drowzee,Psychic,Normal,328,60,48,45,43,90,42,1,False,7
97,Hypno,Psychic,Electric,483,85,73,70,73,115,67,1,False,5
98,Krabby,Water,Bug,325,30,105,90,25,25,50,1,False,6
99,Kingler,Water,Bug,475,55,130,115,50,50,75,1,False,7
100,Voltorb,Electric,Normal,330,40,30,50,55,55,100,1,False,7
101,Electrode,Electric,Electric,480,60,50,70,80,80,140,1,False,9
102,Exeggcute,Grass,Psychic,325,60,40,80,60,45,40,1,False,9
103,Exeggutor,Grass,Psychic,520,95,95,85,125,65,55,1,False,9
104,Cubone,Ground,Bug,320,50,50,95,40,50,35,1,False,6
105,Marowak,Ground,Ghost,425,60,80,110,50,80,45,1,False,7
106,Hitmonlee,Fighting,Bug,455,50,120,53,35,110,87,1,False,9
107,Hitmonchan,Fighting,Bug,455,50,105,79,35,110,76,1,False,10
108,Lickitung,Normal,Fairy,385,90,55,75,60,75,30,1,False,9
109,Koffing,Poison,Bug,340,40,65,95,60,45,35,1,False,7
110,Weezing,Poison,Steel,490,65,90,120,85,70,60,1,False,7
111,Rhyhorn,Ground,Rock,345,80,85,95,30,30,25,1,False,7
112,Rhydon,Ground,Rock,485,105,130,120,45,45,40,1,False,6
113,Chansey,Normal,Normal,450,250,5,5,35,105,50,1,False,7
114,Tangela,Grass,Steel,435,65,55,115,100,40,60,1,False,7
115,Kangaskhan,Normal,Bug,490,105,95,80,40,80,90,1,False,10
115,KangaskhanMega Kangaskhan,Normal,Fighting,590,105,125,100,60,100,100,1,False,25
116,Horsea,Water,Bug,295,30,40,70,70,25,60,1,False,6
117,Seadra,Water,Bug,440,55,65,95,95,45,85,1,False,6
118,Goldeen,Water,Bug,320,45,67,60,35,50,63,1,False,7
119,Seaking,Water,Fighting,450,80,92,65,65,80,68,1,False,7
120,Staryu,Water,Normal,340,30,45,55,70,55,85,1,False,6
121,Starmie,Water,Psychic,520,60,75,85,100,85,115,1,False,7
122,Mr. Mime,Psychic,Fairy,460,40,45,65,100,120,90,1,False,8
123,Scyther,Bug,Flying,500,70,110,80,55,80,105,1,False,7
124,Jynx,Ice,Psychic,455,65,50,35,115,95,95,1,False,4
125,Electabuzz,Electric,Ice,490,65,83,57,95,85,105,1,False,10
126,Magmar,Fire,Dragon,495,65,95,57,100,85,93,1,False,6
127,Pinsir,Bug,Steel,500,65,125,100,55,70,85,1,False,6
127,PinsirMega Pinsir,Bug,Flying,600,65,155,120,65,90,105,1,False,17
128,Tauros,Normal,Bug,490,75,100,95,40,70,110,1,False,6
129,Magikarp,Water,Bug,200,20,10,55,15,20,80,1,False,8
130,Gyarados,Water,Flying,540,95,125,79,60,100,81,1,False,8
130,GyaradosMega Gyarados,Water,Dark,640,95,155,109,70,130,81,1,False,21
131,Lapras,Water,Ice,535,130,85,80,85,95,60,1,False,6
132,Ditto,Normal,Bug,288,48,48,48,48,48,48,1,False,5
133,Eevee,Normal,Bug,325,55,55,50,45,65,55,1,False,5
134,Vaporeon,Water,Poison,525,130,65,60,110,95,65,1,False,8
135,Jolteon,Electric,Poison,525,65,65,60,110,95,130,1,False,7
136,Flareon,Fire,Poison,525,65,130,60,95,110,65,1,False,7
137,Porygon,Normal,Electric,395,65,60,70,85,75,40,1,False,7
138,Omanyte,Rock,Water,355,35,40,100,90,55,35,1,False,7
139,Omastar,Rock,Water,495,70,60,125,115,70,55,1,False,7
140,Kabuto,Rock,Water,355,30,80,90,55,45,55,1,False,6
141,Kabutops,Rock,Water,495,60,115,105,65,70,80,1,False,8
142,Aerodactyl,Rock,Flying,515,80,105,65,60,75,130,1,False,10
142,AerodactylMega Aerodactyl,Rock,Flying,615,80,135,85,70,95,150,1,False,25
143,Snorlax,Normal,Dark,540,160,110,65,65,110,30,1,False,7
144,Articuno,Ice,Flying,580,90,85,100,95,125,85,1,True,8
145,Zapdos,Electric,Flying,580,90,90,85,125,90,100,1,True,6
146,Moltres,Fire,Flying,580,90,100,90,125,85,90,1,True,7
147,Dratini,Dragon,Bug,300,41,64,45,50,50,50,1,False,7
148,Dragonair,Dragon,Flying,420,61,84,65,70,70,70,1,False,9
149,Dragonite,Dragon,Flying,600,91,134,95,100,100,80,1,False,9
150,Mewtwo,Psychic,Dark,680,106,110,90,154,90,130,1,True,6
150,MewtwoMega Mewtwo X,Psychic,Fighting,780,106,190,100,154,100,130,1,True,19
150,MewtwoMega Mewtwo Y,Psychic,Electric,780,106,150,70,194,120,140,1,True,19
151,Mew,Psychic,Ice,600,100,100,100,100,100,100,1,False,3
152,Chikorita,Grass,Bug,318,45,49,65,49,65,45,2,False,9
153,Bayleef,Grass,Bug,405,60,62,80,63,80,60,2,False,7
154,Meganium,Grass,Fire,525,80,82,100,83,100,80,2,False,8
155,Cyndaquil,Fire,Normal,309,39,52,43,60,50,65,2,False,9
156,Quilava,Fire,Poison,405,58,64,58,80,65,80,2,False,7
157,Typhlosion,Fire,Bug,534,78,84,78,109,85,100,2,False,10
158,Totodile,Water,Bug,314,50,65,64,44,48,43,2,False,8
159,Croconaw,Water,Grass,405,65,80,80,59,63,58,2,False,8
160,Feraligatr,Water,Steel,530,85,105,100,79,83,78,2,False,10
161,Sentret,Normal,Bug,215,35,46,34,35,45,20,2,False,7
162,Furret,Normal,Bug,415,85,76,64,45,55,90,2,False,6
163,Hoothoot,Normal,Flying,262,60,30,30,36,56,50,2,False,8
164,Noctowl,Normal,Flying,442,100,50,50,76,96,70,2,False,7
165,Ledyba,Bug,Flying,265,40,20,30,40,80,55,2,False,6
166,Ledian,Bug,Flying,390,55,35,50,55,110,85,2,False,6
167,Spinarak,Bug,Poison,250,40,60,40,40,40,30,2,False,8
168,Ariados,Bug,Poison,390,70,90,70,60,60,40,2,False,7
169,Crobat,Poison,Flying,535,85,90,80,70,80,130,2,False,6
170,Chinchou,Water,Electric,330,75,38,38,56,56,67,2,False,8
171,Lanturn,Water,Electric,460,125,58,58,76,76,67,2,False,7
172,Pichu,Electric,Bug,205,20,40,15,35,35,60,2,False,5
173,Cleffa,Fairy,Bug,218,50,25,28,45,55,15,2,False,6
174,Igglybuff,Normal,Fairy,210,90,30,15,40,20,15,2,False,9
175,Togepi,Fairy,Bug,245,35,20,65,40,65,20,2,False,6
176,Togetic,Fairy,Flying,405,55,40,85,80,105,40,2,False,7
177,Natu,Psychic,Flying,320,40,50,45,70,45,70,2,False,4
178,Xatu,Psychic,Flying,470,65,75,70,95,70,95,2,False,4
179,Mareep,Electric,Normal,280,55,40,40,65,45,35,2,False,6
180,Flaaffy,Electric,Normal,365,70,55,55,80,60,45,2,False,7
181,Ampharos,Electric,Fire,510,90,75,85,115,90,55,2,False,8
181,AmpharosMega Ampharos,Electric,Dragon,610,90,95,105,165,110,45,2,False,21
182,Bellossom,Grass,Dark,490,75,80,95,90,100,50,2,False,9
183,Marill,Water,Fairy,250,70,20,50,20,50,40,2,False,6
184,Azumarill,Water,Fairy,420,100,50,80,60,80,50,2,False,9
185,Sudowoodo,Rock,Bug,410,70,100,115,30,65,30,2,False,9
186,Politoed,Water,Psychic,500,90,75,75,90,100,70,2,False,8
187,Hoppip,Grass,Flying,250,35,35,40,35,55,50,2,False,6
188,Skiploom,Grass,Flying,340,55,45,50,45,65,80,2,False,8
189,Jumpluff,Grass,Flying,460,75,55,70,55,95,110,2,False,8
190,Aipom,Normal,Bug,360,55,70,55,40,55,85,2,False,5
191,Sunkern,Grass,Bug,180,30,30,30,30,30,30,2,False,7
192,Sunflora,Grass,Dark,425,75,75,55,105,85,30,2,False,8
193,Yanma,Bug,Flying,390,65,65,45,75,45,95,2,False,5
194,Wooper,Water,Ground,210,55,45,45,25,25,15,2,False,6
195,Quagsire,Water,Ground,430,95,85,85,65,65,35,2,False,8
196,Espeon,Psychic,Poison,525,65,65,60,130,95,110,2,False,6
197,Umbreon,Dark,Poison,525,95,65,110,60,130,65,2,False,7
198,Murkrow,Dark,Flying,405,60,85,42,85,42,91,2,False,7
199,Slowking,Water,Psychic,490,95,75,80,100,110,30,2,False,8
200,Misdreavus,Ghost,Fairy,435,60,60,60,85,85,85,2,False,10
201,Unown,Psychic,Ghost,336,48,72,48,72,48,48,2,False,5
202,Wobbuffet,Psychic,Bug,405,190,33,58,33,58,33,2,False,9
203,Girafarig,Normal,Psychic,455,70,80,65,90,65,85,2,False,9
204,Pineco,Bug,Bug,290,50,65,90,35,35,15,2,False,6
205,Forretress,Bug,Steel,465,75,90,140,60,60,40,2,False,10
206,Dunsparce,Normal,Electric,415,100,70,70,65,65,45,2,False,9
207,Gligar,Ground,Flying,430,65,75,105,35,65,85,2,False,6
208,Steelix,Steel,Ground,510,75,85,200,55,65,30,2,False,7
208,SteelixMega Steelix,Steel,Ground,610,75,125,230,55,95,30,2,False,19
209,Snubbull,Fairy,Bug,300,60,80,50,40,40,30,2,False,8
210,Granbull,Fairy,Fairy,450,90,120,75,60,60,45,2,False,8
211,Qwilfish,Water,Poison,430,65,95,75,55,55,85,2,False,8
212,Scizor,Bug,Steel,500,70,130,100,55,80,65,2,False,6
212,ScizorMega Scizor,Bug,Steel,600,70,150,140,65,100,75,2,False,17
213,Shuckle,Bug,Rock,505,20,10,230,10,230,5,2,False,7
214,Heracross,Bug,Fighting,500,80,125,75,40,95,85,2,False,9
214,HeracrossMega Heracross,Bug,Fighting,600,80,185,115,40,105,75,2,False,23
215,Sneasel,Dark,Ice,430,55,95,55,35,75,115,2,False,7
216,Teddiursa,Normal,Rock,330,60,80,50,50,50,40,2,False,9
217,Ursaring,Normal,Fairy,500,90,130,75,75,75,55,2,False,8
218,Slugma,Fire,Normal,250,40,40,40,70,40,20,2,False,6
219,Magcargo,Fire,Rock,410,50,50,120,80,80,30,2,False,8
220,Swinub,Ice,Ground,250,50,50,40,30,30,50,2,False,6
221,Piloswine,Ice,Ground,450,100,100,80,60,60,50,2,False,9
222,Corsola,Water,Rock,380,55,55,85,65,85,35,2,False,7
223,Remoraid,Water,Poison,300,35,65,35,65,35,65,2,False,8
224,Octillery,Water,Dark,480,75,105,75,105,75,45,2,False,9
225,Delibird,Ice,Flying,330,45,55,45,65,45,75,2,False,8
226,Mantine,Water,Flying,465,65,40,70,80,140,70,2,False,7
227,Skarmory,Steel,Flying,465,65,80,140,40,70,70,2,False,8
228,Houndour,Dark,Fire,330,45,60,30,80,50,65,2,False,8
229,Houndoom,Dark,Fire,500,75,90,50,110,80,95,2,False,8
229,HoundoomMega Houndoom,Dark,Fire,600,75,90,90,140,90,115,2,False,21
230,Kingdra,Water,Dragon,540,75,95,95,95,95,85,2,False,7
231,Phanpy,Ground,Bug,330,90,60,60,40,40,40,2,False,6
232,Donphan,Ground,Fighting,500,90,120,120,60,60,50,2,False,7
233,Porygon2,Normal,Dragon,515,85,80,90,105,95,60,2,False,8
234,Stantler,Normal,Dragon,465,73,95,62,85,65,85,2,False,8
235,Smeargle,Normal,Bug,250,55,20,35,20,45,75,2,False,8
236,Tyrogue,Fighting,Bug,210,35,35,35,35,35,35,2,False,7
237,Hitmontop,Fighting,Bug,455,50,95,95,35,110,70,2,False,9
238,Smoochum,Ice,Psychic,305,45,30,15,85,65,65,2,False,8
239,Elekid,Electric,Normal,360,45,63,37,65,55,95,2,False,6
240,Magby,Fire,Bug,365,45,75,37,70,55,83,2,False,5
241,Miltank,Normal,Bug,490,95,80,105,40,70,100,2,False,7
242,Blissey,Normal,Normal,540,255,10,10,75,135,55,2,False,7
243,Raikou,Electric,Fairy,580,90,85,75,115,100,115,2,True,6
244,Entei,Fire,Fighting,580,115,115,85,90,75,100,2,True,5
245,Suicune,Water,Psychic,580,100,75,115,90,115,85,2,True,7
246,Larvitar,Rock,Ground,300,50,64,50,45,50,41,2,False,8
247,Pupitar,Rock,Ground,410,70,84,70,65,70,51,2,False,7
248,Tyranitar,Rock,Dark,600,100,134,110,95,100,61,2,False,9
248,TyranitarMega Tyranitar,Rock,Dark,700,100,164,150,95,120,71,2,False,23
249,Lugia,Psychic,Flying,680,106,90,130,90,154,110,2,True,5
250,Ho-oh,Fire,Flying,680,106,130,90,110,154,90,2,True,5
251,Celebi,Psychic,Grass,600,100,100,100,100,100,100,2,False,6
252,Treecko,Grass,Normal,310,40,45,35,65,55,70,3,False,7
253,Grovyle,Grass,Normal,405,50,65,45,85,65,95,3,False,7
254,Sceptile,Grass,Fire,530,70,85,65,105,85,120,3,False,8
254,SceptileMega Sceptile,Grass,Dragon,630,70,110,75,145,85,145,3,False,21
255,Torchic,Fire,Ghost,310,45,60,40,70,50,45,3,False,7
256,Combusken,Fire,Fighting,405,60,85,60,85,60,55,3,False,9
257,Blaziken,Fire,Fighting,530,80,120,70,110,70,80,3,False,8
257,BlazikenMega Blaziken,Fire,Fighting,630,80,160,80,130,80,100,3,False,21
258,Mudkip,Water,Rock,310,50,70,50,50,50,40,3,False,6
259,Marshtomp,Water,Ground,405,70,85,70,60,70,50,3,False,9
260,Swampert,Water,Ground,535,100,110,90,85,90,60,3,False,8
260,SwampertMega Swampert,Water,Ground,635,100,150,110,95,110,70,3,False,21
261,Poochyena,Dark,Bug,220,35,55,35,30,30,35,3,False,9
262,Mightyena,Dark,Bug,420,70,90,70,60,60,70,3,False,9
263,Zigzagoon,Normal,Bug,240,38,30,41,30,41,60,3,False,9
264,Linoone,Normal,Ground,420,78,70,61,50,61,100,3,False,7
265,Wurmple,Bug,Bug,195,45,45,35,20,30,20,3,False,7
266,Silcoon,Bug,Bug,205,50,35,55,25,25,15,3,False,7
267,Beautifly,Bug,Flying,395,60,70,50,100,50,65,3,False,9
268,Cascoon,Bug,Bug,205,50,35,55,25,25,15,3,False,7
269,Dustox,Bug,Poison,385,60,50,70,50,90,65,3,False,6
270,Lotad,Water,Grass,220,40,30,30,40,50,30,3,False,5
271,Lombre,Water,Grass,340,60,50,50,60,70,50,3,False,6
272,Ludicolo,Water,Grass,480,80,70,70,90,100,70,3,False,8
273,Seedot,Grass,Bug,220,40,40,50,30,30,30,3,False,6
274,Nuzleaf,Grass,Dark,340,70,70,40,60,40,60,3,False,7
275,Shiftry,Grass,Dark,480,90,100,60,90,60,80,3,False,7
276,Taillow,Normal,Flying,270,40,55,30,30,30,85,3,False,7
277,Swellow,Normal,Flying,430,60,85,60,50,50,125,3,False,7
278,Wingull,Water,Flying,270,40,30,30,55,30,85,3,False,7
279,Pelipper,Water,Flying,430,60,50,100,85,70,65,3,False,8
280,Ralts,Psychic,Fairy,198,28,25,25,45,35,40,3,False,5
281,Kirlia,Psychic,Fairy,278,38,35,35,65,55,50,3,False,6
282,Gardevoir,Psychic,Fairy,518,68,65,65,125,115,80,3,False,9
282,GardevoirMega Gardevoir,Psychic,Fairy,618,68,85,65,165,135,100,3,False,23
283,Surskit,Bug,Water,269,40,30,32,50,52,65,3,False,7
284,Masquerain,Bug,Flying,414,70,60,62,80,82,60,3,False,10
285,Shroomish,Grass,Bug,295,60,40,60,40,60,35,3,False,9
286,Breloom,Grass,Fighting,460,60,130,80,60,60,70,3,False,7
287,Slakoth,Normal,Bug,280,60,60,60,35,35,30,3,False,7
288,Vigoroth,Normal,Bug,440,80,80,80,55,55,90,3,False,8
289,Slaking,Normal,Ice,670,150,160,100,95,65,100,3,False,7
290,Nincada,Bug,Ground,266,31,45,90,30,30,40,3,False,7
291,Ninjask,Bug,Flying,456,61,90,45,50,50,160,3,False,7
292,Shedinja,Bug,Ghost,236,1,90,45,30,30,40,3,False,8
293,Whismur,Normal,Normal,240,64,51,23,51,23,28,3,False,7
294,Loudred,Normal,Ghost,360,84,71,43,71,43,48,3,False,7
295,Exploud,Normal,Ice,490,104,91,63,91,73,68,3,False,7
296,Makuhita,Fighting,Bug,237,72,60,30,20,30,25,3,False,8
297,Hariyama,Fighting,Bug,474,144,120,60,40,60,50,3,False,8
298,Azurill,Normal,Fairy,190,50,20,40,20,40,20,3,False,7
299,Nosepass,Rock,Bug,375,30,45,135,45,90,30,3,False,8
300,Skitty,Normal,Bug,260,50,45,45,35,35,50,3,False,6
301,Delcatty,Normal,Fire,380,70,65,65,55,55,70,3,False,8
302,Sableye,Dark,Ghost,380,50,75,75,65,65,50,3,False,7
302,SableyeMega Sableye,Dark,Ghost,480,50,85,125,85,115,20,3,False,19
303,Mawile,Steel,Fairy,380,50,85,85,55,55,50,3,False,6
303,MawileMega Mawile,Steel,Fairy,480,50,105,125,55,95,50,3,False,17
304,Aron,Steel,Rock,330,50,70,100,40,40,30,3,False,4
305,Lairon,Steel,Rock,430,60,90,140,50,50,40,3,False,6
306,Aggron,Steel,Rock,530,70,110,180,60,60,50,3,False,6
306,AggronMega Aggron,Steel,Fighting,630,70,140,230,60,80,50,3,False,17
307,Meditite,Fighting,Psychic,280,30,40,55,40,55,60,3,False,8
308,Medicham,Fighting,Psychic,410,60,60,75,60,75,80,3,False,8
308,MedichamMega Medicham,Fighting,Psychic,510,60,100,85,80,85,100,3,False,21
309,Electrike,Electric,Normal,295,40,45,40,65,40,65,3,False,9
310,Manectric,Electric,Fire,475,70,75,60,105,60,105,3,False,9
310,ManectricMega Manectric,Electric,Fire,575,70,75,80,135,80,135,3,False,23
311,Plusle,Electric,Normal,405,60,50,40,85,75,95,3,False,6
312,Minun,Electric,Normal,405,60,40,50,75,85,95,3,False,5
313,Volbeat,Bug,Bug,400,65,73,55,47,75,85,3,False,7
314,Illumise,Bug,Normal,400,65,47,55,73,75,85,3,False,8
315,Roselia,Grass,Poison,400,50,60,45,100,80,65,3,False,7
316,Gulpin,Poison,Normal,302,70,43,53,43,53,40,3,False,6
317,Swalot,Poison,Electric,467,100,73,83,73,83,55,3,False,6
318,Carvanha,Water,Dark,305,45,90,20,65,20,65,3,False,8
319,Sharpedo,Water,Dark,460,70,120,40,95,40,95,3,False,8
319,SharpedoMega Sharpedo,Water,Dark,560,70,140,70,110,65,105,3,False,21
320,Wailmer,Water,Ghost,400,130,70,35,70,35,60,3,False,7
321,Wailord,Water,Bug,500,170,90,45,90,45,60,3,False,7
322,Numel,Fire,Ground,305,60,60,40,65,45,35,3,False,5
323,Camerupt,Fire,Ground,460,70,100,70,105,75,40,3,False,8
323,CameruptMega Camerupt,Fire,Ground,560,70,120,100,145,105,20,3,False,21
324,Torkoal,Fire,Rock,470,70,85,140,85,70,20,3,False,7
325,Spoink,Psychic,Ghost,330,60,25,35,70,80,60,3,False,6
326,Grumpig,Psychic,Fighting,470,80,45,65,90,110,80,3,False,7
327,Spinda,Normal,Fairy,360,60,60,60,60,60,60,3,False,6
328,Trapinch,Ground,Bug,290,45,100,45,45,45,10,3,False,8
329,Vibrava,Ground,Dragon,340,50,70,50,50,50,70,3,False,7
330,Flygon,Ground,Dragon,520,80,100,80,80,80,100,3,False,6
331,Cacnea,Grass,Normal,335,50,85,40,85,40,35,3,False,6
332,Cacturne,Grass,Dark,475,70,115,60,115,60,55,3,False,8
333,Swablu,Normal,Flying,310,45,40,60,40,75,50,3,False,6
334,Altaria,Dragon,Flying,490,75,70,90,70,105,80,3,False,7
334,AltariaMega Altaria,Dragon,Fairy,590,75,110,110,110,105,80,3,False,19
335,Zangoose,Normal,Fighting,458,73,115,60,60,60,90,3,False,8
336,Seviper,Poison,Poison,458,73,100,60,100,60,65,3,False,7
337,Lunatone,Rock,Psychic,440,70,55,65,95,85,70,3,False,8
338,Solrock,Rock,Psychic,440,70,95,85,55,65,70,3,False,7
339,Barboach,Water,Ground,288,50,48,43,46,41,60,3,False,8
340,Whiscash,Water,Ground,468,110,78,73,76,71,60,3,False,8
341,Corphish,Water,Flying,308,43,80,65,50,35,35,3,False,8
342,Crawdaunt,Water,Dark,468,63,120,85,90,55,55,3,False,9
343,Baltoy,Ground,Psychic,300,40,40,55,40,70,55,3,False,6
344,Claydol,Ground,Psychic,500,60,70,105,70,120,75,3,False,7
345,Lileep,Rock,Grass,355,66,41,77,61,87,23,3,False,6
346,Cradily,Rock,Grass,495,86,81,97,81,107,43,3,False,7
347,Anorith,Rock,Bug,355,45,95,50,40,50,75,3,False,7
348,Armaldo,Rock,Bug,495,75,125,100,70,80,45,3,False,7
349,Feebas,Water,Bug,200,20,15,20,10,55,80,3,False,6
350,Milotic,Water,Dragon,540,95,60,79,100,125,81,3,False,7
351,Castform,Normal,Electric,420,70,70,70,70,70,70,3,False,8
352,Kecleon,Normal,Bug,440,60,90,70,60,120,40,3,False,7
353,Shuppet,Ghost,Bug,295,44,75,35,63,33,45,3,False,7
354,Banette,Ghost,Dark,455,64,115,65,83,63,65,3,False,7
354,BanetteMega Banette,Ghost,Fairy,555,64,165,75,93,83,75,3,False,19
355,Duskull,Ghost,Bug,295,20,40,90,30,90,25,3,False,7
356,Dusclops,Ghost,Rock,455,40,70,130,60,130,25,3,False,8
357,Tropius,Grass,Flying,460,99,68,83,72,87,51,3,False,7
358,Chimecho,Psychic,Electric,425,65,50,70,95,80,65,3,False,8
359,Absol,Dark,Dark,465,65,130,60,75,60,75,3,False,5
359,AbsolMega Absol,Dark,Fighting,565,65,150,60,115,60,115,3,False,15
360,Wynaut,Psychic,Normal,260,95,23,48,23,48,23,3,False,6
361,Snorunt,Ice,Normal,300,50,50,50,50,50,50,3,False,7
362,Glalie,Ice,Bug,480,80,80,80,80,80,80,3,False,6
362,GlalieMega Glalie,Ice,Fighting,580,80,120,80,120,80,100,3,False,17
363,Spheal,Ice,Water,290,70,40,50,55,50,25,3,False,6
364,Sealeo,Ice,Water,410,90,60,70,75,70,45,3,False,6
365,Walrein,Ice,Water,530,110,80,90,95,90,65,3,False,7
366,Clamperl,Water,Bug,345,35,64,85,74,55,32,3,False,8
367,Huntail,Water,Bug,485,55,104,105,94,75,52,3,False,7
368,Gorebyss,Water,Bug,485,55,84,105,114,75,52,3,False,8
369,Relicanth,Water,Rock,485,100,90,130,45,65,55,3,False,9
370,Luvdisc,Water,Normal,330,43,30,55,40,65,97,3,False,7
371,Bagon,Dragon,Bug,300,45,75,60,40,30,50,3,False,5
372,Shelgon,Dragon,Steel,420,65,95,100,60,50,50,3,False,7
373,Salamence,Dragon,Flying,600,95,135,80,110,80,100,3,False,9
373,SalamenceMega Salamence,Dragon,Flying,700,95,145,130,120,90,120,3,False,23
374,Beldum,Steel,Psychic,300,40,55,80,35,60,30,3,False,6
375,Metang,Steel,Psychic,420,60,75,100,55,80,50,3,False,6
376,Metagross,Steel,Psychic,600,80,135,130,95,90,70,3,False,9
376,MetagrossMega Metagross,Steel,Psychic,700,80,145,150,105,110,110,3,False,23
377,Regirock,Rock,Rock,580,80,100,200,50,100,50,3,True,8
378,Regice,Ice,Dragon,580,80,50,100,100,200,50,3,True,6
379,Registeel,Steel,Fairy,580,80,75,150,75,150,50,3,True,9
380,Latias,Dragon,Psychic,600,80,80,90,110,130,110,3,True,6
380,LatiasMega Latias,Dragon,Psychic,700,80,100,120,140,150,110,3,True,17
381,Latios,Dragon,Psychic,600,80,90,80,130,110,110,3,True,6
381,LatiosMega Latios,Dragon,Psychic,700,80,130,100,160,120,110,3,True,17
382,Kyogre,Water,Ice,670,100,100,90,150,140,90,3,True,6
382,KyogrePrimal Kyogre,Water,Fighting,770,100,150,90,180,160,90,3,True,19
383,Groudon,Ground,Dragon,670,100,150,140,100,90,90,3,True,7
383,GroudonPrimal Groudon,Ground,Fire,770,100,180,160,150,90,90,3,True,21
384,Rayquaza,Dragon,Flying,680,105,150,90,150,90,95,3,True,8
384,RayquazaMega Rayquaza,Dragon,Flying,780,105,180,100,180,100,115,3,True,21
385,Jirachi,Steel,Psychic,600,100,100,100,100,100,100,3,True,7
386,DeoxysNormal Forme,Psychic,Normal,600,50,150,50,150,50,150,3,True,18
386,DeoxysAttack Forme,Psychic,Normal,600,50,180,20,180,20,150,3,True,18
386,DeoxysDefense Forme,Psychic,Bug,600,50,70,160,70,160,90,3,True,19
386,DeoxysSpeed Forme,Psychic,Bug,600,50,95,90,95,90,180,3,True,17
387,Turtwig,Grass,Bug,318,55,68,64,45,55,31,4,False,7
388,Grotle,Grass,Rock,405,75,89,85,55,65,36,4,False,6
389,Torterra,Grass,Ground,525,95,109,105,75,85,56,4,False,8
390,Chimchar,Fire,Fairy,309,44,58,44,58,44,61,4,False,8
391,Monferno,Fire,Fighting,405,64,78,52,78,52,81,4,False,8
392,Infernape,Fire,Fighting,534,76,104,71,104,71,108,4,False,9
393,Piplup,Water,Normal,314,53,51,53,61,56,40,4,False,6
394,Prinplup,Water,Electric,405,64,66,68,81,76,50,4,False,8
395,Empoleon,Water,Steel,530,84,86,88,111,101,60,4,False,8
396,Starly,Normal,Flying,245,40,55,30,30,30,60,4,False,6
397,Staravia,Normal,Flying,340,55,75,50,40,40,80,4,False,8
398,Staraptor,Normal,Flying,485,85,120,70,50,60,100,4,False,9
399,Bidoof,Normal,Normal,250,59,45,40,35,40,31,4,False,6
400,Bibarel,Normal,Water,410,79,85,60,55,60,71,4,False,7
401,Kricketot,Bug,Bug,194,37,25,41,25,41,25,4,False,9
402,Kricketune,Bug,Ghost,384,77,85,51,55,51,65,4,False,10
403,Shinx,Electric,Bug,263,45,65,34,40,34,45,4,False,5
404,Luxio,Electric,Ghost,363,60,85,49,60,49,60,4,False,5
405,Luxray,Electric,Fighting,523,80,120,79,95,79,70,4,False,6
406,Budew,Grass,Poison,280,40,30,35,50,70,55,4,False,5
407,Roserade,Grass,Poison,515,60,70,65,125,105,90,4,False,8
408,Cranidos,Rock,Bug,350,67,125,40,30,30,58,4,False,8
409,Rampardos,Rock,Fighting,495,97,165,60,65,50,58,4,False,9
410,Shieldon,Rock,Steel,350,30,42,118,42,88,30,4,False,8
411,Bastiodon,Rock,Steel,495,60,52,168,47,138,30,4,False,9
412,Burmy,Bug,Bug,224,40,29,45,29,45,36,4,False,5
413,WormadamPlant Cloak,Bug,Grass,424,60,59,85,79,105,36,4,False,19
413,WormadamSandy Cloak,Bug,Ground,424,60,79,105,59,85,36,4,False,19
413,WormadamTrash Cloak,Bug,Steel,424,60,69,95,69,95,36,4,False,19
414,Mothim,Bug,Flying,424,70,94,50,94,50,66,4,False,6
415,Combee,Bug,Flying,244,30,30,42,30,42,70,4,False,6
416,Vespiquen,Bug,Flying,474,70,80,102,80,102,40,4,False,9
417,Pachirisu,Electric,Normal,405,60,45,70,45,90,95,4,False,9
418,Buizel,Water,Bug,330,55,65,35,60,30,85,4,False,6
419,Floatzel,Water,Normal,495,85,105,55,85,50,115,4,False,8
420,Cherubi,Grass,Normal,275,45,35,45,62,53,35,4,False,7
421,Cherrim,Grass,Electric,450,70,60,70,87,78,85,4,False,7
422,Shellos,Water,Normal,325,76,48,48,57,62,34,4,False,7
423,Gastrodon,Water,Ground,475,111,83,68,92,82,39,4,False,9
424,Ambipom,Normal,Dark,482,75,100,66,60,66,115,4,False,7
425,Drifloon,Ghost,Flying,348,90,50,34,60,44,70,4,False,8
426,Drifblim,Ghost,Flying,498,150,80,44,90,54,80,4,False,8
427,Buneary,Normal,Bug,350,55,66,44,44,56,85,4,False,7
428,Lopunny,Normal,Normal,480,65,76,84,54,96,105,4,False,7
428,LopunnyMega Lopunny,Normal,Fighting,580,65,136,94,54,96,135,4,False,19
429,Mismagius,Ghost,Fairy,495,60,60,60,105,105,105,4,False,9
430,Honchkrow,Dark,Flying,505,100,125,52,105,52,71,4,False,9
431,Glameow,Normal,Bug,310,49,55,42,42,37,85,4,False,7
432,Purugly,Normal,Fire,452,71,82,64,64,59,112,4,False,7
433,Chingling,Psychic,Normal,285,45,30,50,65,50,45,4,False,9
434,Stunky,Poison,Dark,329,63,63,47,41,41,74,4,False,6
435,Skuntank,Poison,Dark,479,103,93,67,71,61,84,4,False,8
436,Bronzor,Steel,Psychic,300,57,24,86,24,86,23,4,False,7
437,Bronzong,Steel,Psychic,500,67,89,116,79,116,33,4,False,8
438,Bonsly,Rock,Bug,290,50,80,95,10,45,10,4,False,6
439,Mime Jr.,Psychic,Fairy,310,20,25,45,70,90,60,4,False,8
440,Happiny,Normal,Normal,220,100,5,5,15,65,30,4,False,7
441,Chatot,Normal,Flying,411,76,65,45,92,42,91,4,False,6
442,Spiritomb,Ghost,Dark,485,50,92,108,92,108,35,4,False,9
443,Gible,Dragon,Ground,300,58,70,45,40,45,42,4,False,5
444,Gabite,Dragon,Ground,410,68,90,65,50,55,82,4,False,6
445,Garchomp,Dragon,Ground,600,108,130,95,80,85,102,4,False,8
445,GarchompMega Garchomp,Dragon,Ground,700,108,170,115,120,95,92,4,False,21
446,Munchlax,Normal,Bug,390,135,85,40,40,85,5,4,False,8
447,Riolu,Fighting,Bug,285,40,70,40,35,40,60,4,False,5
448,Lucario,Fighting,Steel,525,70,110,70,115,70,90,4,False,7
448,LucarioMega Lucario,Fighting,Steel,625,70,145,88,140,70,112,4,False,19
449,Hippopotas,Ground,Bug,330,68,72,78,38,42,32,4,False,10
450,Hippowdon,Ground,Fighting,525,108,112,118,68,72,47,4,False,9
451,Skorupi,Poison,Bug,330,40,50,90,30,55,65,4,False,7
452,Drapion,Poison,Dark,500,70,90,110,60,75,95,4,False,7
453,Croagunk,Poison,Fighting,300,48,61,40,61,40,50,4,False,8
454,Toxicroak,Poison,Fighting,490,83,106,65,86,65,85,4,False,9
455,Carnivine,Grass,Dark,454,74,100,72,90,72,46,4,False,9
456,Finneon,Water,Normal,330,49,49,56,49,61,66,4,False,7
457,Lumineon,Water,Fairy,460,69,69,76,69,86,91,4,False,8
458,Mantyke,Water,Flying,345,45,20,50,60,120,50,4,False,7
459,Snover,Grass,Ice,334,60,62,50,62,60,40,4,False,6
460,Abomasnow,Grass,Ice,494,90,92,75,92,85,60,4,False,9
460,AbomasnowMega Abomasnow,Grass,Ice,594,90,132,105,132,105,30,4,False,23
461,Weavile,Dark,Ice,510,70,120,65,45,85,125,4,False,7
462,Magnezone,Electric,Steel,535,70,70,115,130,90,60,4,False,9
463,Lickilicky,Normal,Ghost,515,110,85,95,80,95,50,4,False,10
464,Rhyperior,Ground,Rock,535,115,140,130,55,55,40,4,False,9
465,Tangrowth,Grass,Ice,535,100,100,125,110,50,50,4,False,9
466,Electivire,Electric,Dark,540,75,123,67,95,85,95,4,False,10
467,Magmortar,Fire,Dragon,540,75,95,67,125,95,83,4,False,9
468,Togekiss,Fairy,Flying,545,85,50,95,120,115,80,4,False,8
469,Yanmega,Bug,Flying,515,86,76,86,116,56,95,4,False,7
470,Leafeon,Grass,Dark,525,65,110,130,60,65,95,4,False,7
471,Glaceon,Ice,Steel,525,65,60,110,130,95,65,4,False,7
472,Gliscor,Ground,Flying,510,75,95,125,45,75,95,4,False,7
473,Mamoswine,Ice,Ground,530,110,130,80,70,60,80,4,False,9
474,Porygon-Z,Normal,Dragon,535,85,80,70,135,75,90,4,False,9
475,Gallade,Psychic,Fighting,518,68,125,65,65,115,80,4,False,7
475,GalladeMega Gallade,Psychic,Fighting,618,68,165,95,65,115,110,4,False,19
476,Probopass,Rock,Steel,525,60,55,145,75,150,40,4,False,9
477,Dusknoir,Ghost,Bug,525,45,100,135,65,135,45,4,False,8
478,Froslass,Ice,Ghost,480,70,80,70,80,70,110,4,False,8
479,Rotom,Electric,Ghost,440,50,50,77,95,77,91,4,False,5
479,RotomHeat Rotom,Electric,Fire,520,50,65,107,105,107,86,4,False,15
479,RotomWash Rotom,Electric,Water,520,50,65,107,105,107,86,4,False,15
479,RotomFrost Rotom,Electric,Ice,520,50,65,107,105,107,86,4,False,16
479,RotomFan Rotom,Electric,Flying,520,50,65,107,105,107,86,4,False,14
479,RotomMow Rotom,Electric,Grass,520,50,65,107,105,107,86,4,False,14
480,Uxie,Psychic,Dark,580,75,75,130,75,130,95,4,True,4
481,Mesprit,Psychic,Fire,580,80,105,105,105,105,80,4,True,7
482,Azelf,Psychic,Dark,580,75,125,70,125,70,115,4,True,5
483,Dialga,Steel,Dragon,680,100,120,120,150,100,90,4,True,6
484,Palkia,Water,Dragon,680,90,120,100,150,120,100,4,True,6
485,Heatran,Fire,Steel,600,91,90,106,130,106,77,4,True,7
486,Regigigas,Normal,Electric,670,110,160,110,80,110,100,4,True,9
487,GiratinaAltered Forme,Ghost,Dragon,680,150,100,120,100,120,90,4,True,21
487,GiratinaOrigin Forme,Ghost,Dragon,680,150,120,100,120,100,90,4,True,20
488,Cresselia,Psychic,Fairy,600,120,70,120,75,130,85,4,False,9
489,Phione,Water,Bug,480,80,80,80,80,80,80,4,False,6
490,Manaphy,Water,Ice,600,100,100,100,100,100,100,4,False,7
491,Darkrai,Dark,Fire,600,70,90,90,135,90,125,4,True,7
492,ShayminLand Forme,Grass,Ice,600,100,100,100,100,100,100,4,True,17
492,ShayminSky Forme,Grass,Flying,600,100,103,75,120,75,127,4,True,16
493,Arceus,Normal,Fighting,720,120,120,120,120,120,120,4,True,6
494,Victini,Psychic,Fire,600,100,100,100,100,100,100,5,True,7
495,Snivy,Grass,Bug,308,45,45,55,45,55,63,5,False,5
496,Servine,Grass,Fairy,413,60,60,75,60,75,83,5,False,7
497,Serperior,Grass,Dark,528,75,75,95,75,95,113,5,False,9
498,Tepig,Fire,Bug,308,65,63,45,45,45,45,5,False,5
499,Pignite,Fire,Fighting,418,90,93,55,70,55,55,5,False,7
500,Emboar,Fire,Fighting,528,110,123,65,100,65,65,5,False,6
501,Oshawott,Water,Normal,308,55,55,45,63,45,45,5,False,8
502,Dewott,Water,Dark,413,75,75,60,83,60,60,5,False,6
503,Samurott,Water,Ice,528,95,100,85,108,70,70,5,False,8
504,Patrat,Normal,Bug,255,45,55,39,35,39,42,5,False,6
505,Watchog,Normal,Ghost,420,60,85,69,60,69,77,5,False,7
506,Lillipup,Normal,Bug,275,45,60,45,25,45,55,5,False,8
507,Herdier,Normal,Flying,370,65,80,65,35,65,60,5,False,7
508,Stoutland,Normal,Bug,500,85,110,90,45,90,80,5,False,9
509,Purrloin,Dark,Normal,281,41,50,37,50,37,66,5,False,8
510,Liepard,Dark,Normal,446,64,88,50,88,50,106,5,False,7
511,Pansage,Grass,Bug,316,50,53,48,53,48,64,5,False,7
512,Simisage,Grass,Dark,498,75,98,63,98,63,101,5,False,8
513,Pansear,Fire,Bug,316,50,53,48,53,48,64,5,False,7
514,Simisear,Fire,Dark,498,75,98,63,98,63,101,5,False,8
515,Panpour,Water,Bug,316,50,53,48,53,48,64,5,False,7
516,Simipour,Water,Dark,498,75,98,63,98,63,101,5,False,8
517,Munna,Psychic,Normal,292,76,25,45,67,55,24,5,False,5
518,Musharna,Psychic,Fire,487,116,55,85,107,95,29,5,False,8
519,Pidove,Normal,Flying,264,50,55,50,36,30,43,5,False,6
520,Tranquill,Normal,Flying,358,62,77,62,50,42,65,5,False,9
521,Unfezant,Normal,Flying,488,80,115,80,65,55,93,5,False,8
522,Blitzle,Electric,Bug,295,45,60,32,50,32,76,5,False,7
523,Zebstrika,Electric,Dark,497,75,100,63,80,63,116,5,False,9
524,Roggenrola,Rock,Bug,280,55,75,85,25,25,15,5,False,10
525,Boldore,Rock,Rock,390,70,105,105,50,40,20,5,False,7
526,Gigalith,Rock,Rock,515,85,135,130,60,80,25,5,False,8
527,Woobat,Psychic,Flying,313,55,45,43,55,43,72,5,False,6
528,Swoobat,Psychic,Flying,425,67,57,55,77,55,114,5,False,7
529,Drilbur,Ground,Ghost,328,60,85,40,30,45,68,5,False,7
530,Excadrill,Ground,Steel,508,110,135,60,50,65,88,5,False,9
531,Audino,Normal,Ice,445,103,60,86,60,86,50,5,False,6
531,AudinoMega Audino,Normal,Fairy,545,103,60,126,80,126,50,5,False,17
532,Timburr,Fighting,Bug,305,75,80,55,25,35,35,5,False,7
533,Gurdurr,Fighting,Bug,405,85,105,85,40,50,40,5,False,7
534,Conkeldurr,Fighting,Fighting,505,105,140,95,55,65,45,5,False,10
535,Tympole,Water,Bug,294,50,50,40,50,40,64,5,False,7
536,Palpitoad,Water,Ground,384,75,65,55,65,55,69,5,False,9
537,Seismitoad,Water,Ground,509,105,95,75,85,75,74,5,False,10
538,Throh,Fighting,Ice,465,120,100,85,30,85,45,5,False,5
539,Sawk,Fighting,Bug,465,75,125,75,30,75,85,5,False,4
540,Sewaddle,Bug,Grass,310,45,53,70,40,60,42,5,False,8
541,Swadloon,Bug,Grass,380,55,63,90,50,80,42,5,False,8
542,Leavanny,Bug,Grass,500,75,103,80,70,80,92,5,False,8
543,Venipede,Bug,Poison,260,30,45,59,30,39,57,5,False,8
544,Whirlipede,Bug,Poison,360,40,55,99,40,79,47,5,False,10
545,Scolipede,Bug,Poison,485,60,100,89,55,69,112,5,False,9
546,Cottonee,Grass,Fairy,280,40,27,60,37,50,66,5,False,8
547,Whimsicott,Grass,Fairy,480,60,67,85,77,75,116,5,False,10
548,Petilil,Grass,Normal,280,45,35,50,70,50,30,5,False,7
549,Lilligant,Grass,Fairy,480,70,60,75,110,75,90,5,False,9
550,Basculin,Water,Electric,460,70,92,65,80,55,98,5,False,8
551,Sandile,Ground,Dark,292,50,72,35,35,35,65,5,False,7
552,Krokorok,Ground,Dark,351,60,82,45,45,45,74,5,False,8
553,Krookodile,Ground,Dark,519,95,117,80,65,70,92,5,False,10
554,Darumaka,Fire,Bug,315,70,90,45,15,45,50,5,False,8
555,DarmanitanStandard Mode,Fire,Normal,480,105,140,55,30,55,95,5,False,23
555,DarmanitanZen Mode,Fire,Psychic,540,105,30,105,140,105,55,5,False,18
556,Maractus,Grass,Dark,461,75,86,67,106,67,60,5,False,8
557,Dwebble,Bug,Rock,325,50,65,85,35,35,55,5,False,7
558,Crustle,Bug,Rock,475,70,95,125,65,75,45,5,False,7
559,Scraggy,Dark,Fighting,348,50,75,70,35,70,48,5,False,7
560,Scrafty,Dark,Fighting,488,65,90,115,45,115,58,5,False,7
561,Sigilyph,Psychic,Flying,490,72,58,80,103,80,97,5,False,8
562,Yamask,Ghost,Rock,303,38,30,85,55,65,30,5,False,6
563,Cofagrigus,Ghost,Rock,483,58,50,145,95,105,30,5,False,10
564,Tirtouga,Water,Rock,355,54,78,103,53,45,22,5,False,8
565,Carracosta,Water,Rock,495,74,108,133,83,65,32,5,False,10
566,Archen,Rock,Flying,401,55,112,45,74,45,70,5,False,6
567,Archeops,Rock,Flying,567,75,140,65,112,65,110,5,False,8
568,Trubbish,Poison,Bug,329,50,50,62,40,62,65,5,False,8
569,Garbodor,Poison,Dark,474,80,95,82,60,82,75,5,False,8
570,Zorua,Dark,Poison,330,40,65,40,80,40,65,5,False,5
571,Zoroark,Dark,Dark,510,60,105,60,120,60,105,5,False,7
572,Minccino,Normal,Bug,300,55,50,40,40,40,75,5,False,8
573,Cinccino,Normal,Dark,470,75,95,60,65,60,115,5,False,8
574,Gothita,Psychic,Normal,290,45,30,50,55,65,45,5,False,7
575,Gothorita,Psychic,Electric,390,60,45,70,75,85,55,5,False,9
576,Gothitelle,Psychic,Fire,490,70,55,95,95,110,65,5,False,10
577,Solosis,Psychic,Normal,290,45,30,40,105,50,20,5,False,7
578,Duosion,Psychic,Normal,370,65,40,50,125,60,30,5,False,7
579,Reuniclus,Psychic,Fairy,490,110,65,75,125,85,30,5,False,9
580,Ducklett,Water,Flying,305,62,44,50,44,50,55,5,False,8
581,Swanna,Water,Flying,473,75,87,63,87,63,98,5,False,6
582,Vanillite,Ice,Normal,305,36,50,50,65,60,44,5,False,9
583,Vanillish,Ice,Bug,395,51,65,65,80,75,59,5,False,9
584,Vanilluxe,Ice,Fire,535,71,95,85,110,95,79,5,False,9
585,Deerling,Normal,Grass,335,60,60,50,40,50,75,5,False,8
586,Sawsbuck,Normal,Grass,475,80,100,70,60,70,95,5,False,8
587,Emolga,Electric,Flying,428,55,75,60,75,60,103,5,False,6
588,Karrablast,Bug,Bug,315,50,75,45,40,45,60,5,False,10
589,Escavalier,Bug,Steel,495,70,135,105,60,105,20,5,False,10
590,Foongus,Grass,Poison,294,69,55,45,55,55,15,5,False,7
591,Amoonguss,Grass,Poison,464,114,85,70,85,80,30,5,False,9
592,Frillish,Water,Ghost,335,55,40,50,65,85,40,5,False,8
593,Jellicent,Water,Ghost,480,100,60,70,85,105,60,5,False,9
594,Alomomola,Water,Bug,470,165,75,80,40,45,65,5,False,9
595,Joltik,Bug,Electric,319,50,47,50,57,50,65,5,False,6
596,Galvantula,Bug,Electric,472,70,77,60,97,60,108,5,False,10
597,Ferroseed,Grass,Steel,305,44,50,91,24,86,10,5,False,9
598,Ferrothorn,Grass,Steel,489,74,94,131,54,116,20,5,False,10
599,Klink,Steel,Bug,300,40,55,70,45,60,30,5,False,5
600,Klang,Steel,Ghost,440,60,80,95,70,85,50,5,False,5
601,Klinklang,Steel,Ghost,520,60,100,115,70,85,90,5,False,9
602,Tynamo,Electric,Bug,275,35,55,40,45,40,60,5,False,6
603,Eelektrik,Electric,Electric,405,65,85,70,75,70,40,5,False,9
604,Eelektross,Electric,Bug,515,85,115,80,105,80,50,5,False,10
605,Elgyem,Psychic,Normal,335,55,55,55,85,55,30,5,False,6
606,Beheeyem,Psychic,Dark,485,75,75,75,125,95,40,5,False,8
607,Litwick,Ghost,Fire,275,50,30,55,65,55,20,5,False,7
608,Lampent,Ghost,Fire,370,60,40,60,95,60,55,5,False,7
609,Chandelure,Ghost,Fire,520,60,55,90,145,90,80,5,False,10
610,Axew,Dragon,Bug,320,46,87,60,30,40,57,5,False,4
611,Fraxure,Dragon,Bug,410,66,117,70,40,50,67,5,False,7
612,Haxorus,Dragon,Dark,540,76,147,90,60,70,97,5,False,7
613,Cubchoo,Ice,Bug,305,55,70,40,60,40,40,5,False,7
614,Beartic,Ice,Ghost,485,95,110,80,70,80,50,5,False,7
615,Cryogonal,Ice,Normal,485,70,50,30,95,135,105,5,False,9
616,Shelmet,Bug,Bug,305,50,40,85,40,65,25,5,False,7
617,Accelgor,Bug,Normal,495,80,70,40,100,60,145,5,False,8
618,Stunfisk,Ground,Electric,471,109,66,84,81,99,32,5,False,8
619,Mienfoo,Fighting,Bug,350,45,85,50,55,50,65,5,False,7
620,Mienshao,Fighting,Fighting,510,65,125,60,95,60,105,5,False,8
621,Druddigon,Dragon,Ground,485,77,120,90,60,90,48,5,False,9
622,Golett,Ground,Ghost,303,59,74,50,35,50,35,5,False,6
623,Golurk,Ground,Ghost,483,89,124,80,55,80,55,5,False,6
624,Pawniard,Dark,Steel,340,45,85,70,40,40,60,5,False,8
625,Bisharp,Dark,Steel,490,65,125,100,60,70,70,5,False,7
626,Bouffalant,Normal,Ground,490,95,110,95,40,95,55,5,False,10
627,Rufflet,Normal,Flying,350,70,83,50,37,50,60,5,False,7
628,Braviary,Normal,Flying,510,100,123,75,57,75,80,5,False,8
629,Vullaby,Dark,Flying,370,70,55,75,45,65,60,5,False,7
630,Mandibuzz,Dark,Flying,510,110,65,105,55,95,80,5,False,9
631,Heatmor,Fire,Dragon,484,85,97,66,105,66,65,5,False,7
632,Durant,Bug,Steel,484,58,109,112,48,48,109,5,False,6
633,Deino,Dark,Dragon,300,52,65,50,45,50,38,5,False,5
634,Zweilous,Dark,Dragon,420,72,85,70,65,70,58,5,False,8
635,Hydreigon,Dark,Dragon,600,92,105,90,125,90,98,5,False,9
636,Larvesta,Bug,Fire,360,55,85,55,50,55,60,5,False,8
637,Volcarona,Bug,Fire,550,85,60,65,135,105,100,5,False,9
638,Cobalion,Steel,Fighting,580,91,90,129,90,72,108,5,True,8
639,Terrakion,Rock,Fighting,580,91,129,90,72,90,108,5,True,9
640,Virizion,Grass,Fighting,580,91,90,72,90,129,108,5,True,8
641,TornadusIncarnate Forme,Flying,Fighting,580,79,115,70,125,80,111,5,True,23
641,TornadusTherian Forme,Flying,Bug,580,79,100,80,110,90,121,5,True,21
642,ThundurusIncarnate Forme,Electric,Flying,580,79,115,70,125,80,111,5,True,24
642,ThundurusTherian Forme,Electric,Flying,580,79,105,70,145,80,101,5,True,22
643,Reshiram,Dragon,Fire,680,100,120,100,150,120,90,5,True,8
644,Zekrom,Dragon,Electric,680,100,150,120,120,100,90,5,True,6
645,LandorusIncarnate Forme,Ground,Flying,600,89,125,90,115,80,101,5,True,23
645,LandorusTherian Forme,Ground,Flying,600,89,145,90,105,80,91,5,True,21
646,Kyurem,Dragon,Ice,660,125,130,90,130,90,95,5,True,6
646,KyuremBlack Kyurem,Dragon,Ice,700,125,170,100,120,90,95,5,True,18
646,KyuremWhite Kyurem,Dragon,Ice,700,125,120,90,170,100,95,5,True,18
647,KeldeoOrdinary Forme,Water,Fighting,580,91,72,90,129,90,108,5,False,20
647,KeldeoResolute Forme,Water,Fighting,580,91,72,90,129,90,108,5,False,20
648,MeloettaAria Forme,Normal,Psychic,600,100,77,77,128,128,90,5,False,18
648,MeloettaPirouette Forme,Normal,Fighting,600,100,128,90,77,77,128,5,False,23
649,Genesect,Bug,Steel,600,71,120,95,120,95,99,5,False,8
650,Chespin,Grass,Bug,313,56,61,65,48,45,38,6,False,7
651,Quilladin,Grass,Grass,405,61,78,95,56,58,57,6,False,9
652,Chesnaught,Grass,Fighting,530,88,107,122,74,75,64,6,False,10
653,Fennekin,Fire,Normal,307,40,45,40,62,60,60,6,False,8
654,Braixen,Fire,Electric,409,59,59,58,90,70,73,6,False,7
655,Delphox,Fire,Psychic,534,75,69,72,114,100,104,6,False,7
656,Froakie,Water,Normal,314,41,56,40,62,44,71,6,False,7
657,Frogadier,Water,Normal,405,54,63,52,83,56,97,6,False,9
658,Greninja,Water,Dark,530,72,95,67,103,71,122,6,False,8
659,Bunnelby,Normal,Bug,237,38,36,38,32,36,57,6,False,8
660,Diggersby,Normal,Ground,423,85,56,77,50,77,78,6,False,9
661,Fletchling,Normal,Flying,278,45,50,43,40,38,62,6,False,10
662,Fletchinder,Fire,Flying,382,62,73,55,56,52,84,6,False,11
663,Talonflame,Fire,Flying,499,78,81,71,74,69,126,6,False,10
664,Scatterbug,Bug,Bug,200,38,35,40,27,25,35,6,False,10
665,Spewpa,Bug,Bug,213,45,22,60,27,30,29,6,False,6
666,Vivillon,Bug,Flying,411,80,52,50,90,50,89,6,False,8
667,Litleo,Fire,Normal,369,62,50,58,73,54,72,6,False,6
668,Pyroar,Fire,Normal,507,86,68,72,109,66,106,6,False,6
669,Flabébé,Fairy,Normal,303,44,38,39,61,79,42,6,False,7
670,Floette,Fairy,Normal,371,54,45,47,75,98,52,6,False,7
671,Florges,Fairy,Dark,552,78,65,68,112,154,75,6,False,7
672,Skiddo,Grass,Ghost,350,66,65,48,62,57,52,6,False,6
673,Gogoat,Grass,Ice,531,123,100,62,97,81,68,6,False,6
674,Pancham,Fighting,Rock,348,67,82,62,46,48,43,6,False,7
675,Pangoro,Fighting,Dark,495,95,124,78,69,71,58,6,False,7
676,Furfrou,Normal,Dark,472,75,80,60,65,90,102,6,False,7
677,Espurr,Psychic,Normal,355,62,48,54,63,60,68,6,False,6
678,MeowsticMale,Psychic,Dark,466,74,48,76,83,81,104,6,False,12
678,MeowsticFemale,Psychic,Dark,466,74,48,76,83,81,104,6,False,14
679,Honedge,Steel,Ghost,325,45,80,100,35,37,28,6,False,7
680,Doublade,Steel,Ghost,448,59,110,150,45,49,35,6,False,8
681,AegislashBlade Forme,Steel,Ghost,520,60,150,50,150,50,60,6,False,20
681,AegislashShield Forme,Steel,Ghost,520,60,50,150,50,150,60,6,False,21
682,Spritzee,Fairy,Ground,341,78,52,60,63,65,23,6,False,8
683,Aromatisse,Fairy,Dark,462,101,72,72,99,89,29,6,False,10
684,Swirlix,Fairy,Grass,341,62,48,66,59,57,49,6,False,7
685,Slurpuff,Fairy,Dragon,480,82,80,86,85,75,72,6,False,8
686,Inkay,Dark,Psychic,288,53,54,53,37,46,45,6,False,5
687,Malamar,Dark,Psychic,482,86,92,88,68,75,73,6,False,7
688,Binacle,Rock,Water,306,42,52,67,39,56,50,6,False,7
689,Barbaracle,Rock,Water,500,72,105,115,54,86,68,6,False,10
690,Skrelp,Poison,Water,320,50,60,60,60,60,30,6,False,6
691,Dragalge,Poison,Dragon,494,65,75,90,97,123,44,6,False,8
692,Clauncher,Water,Bug,330,50,53,62,58,63,44,6,False,9
693,Clawitzer,Water,Fire,500,71,73,88,120,89,59,6,False,9
694,Helioptile,Electric,Normal,289,44,38,33,61,43,70,6,False,10
695,Heliolisk,Electric,Normal,481,62,55,52,109,94,109,6,False,9
696,Tyrunt,Rock,Dragon,362,58,89,77,45,45,48,6,False,6
697,Tyrantrum,Rock,Dragon,521,82,121,119,69,59,71,6,False,9
698,Amaura,Rock,Ice,362,77,59,50,67,63,46,6,False,6
699,Aurorus,Rock,Ice,521,123,77,72,99,92,58,6,False,7
700,Sylveon,Fairy,Fire,525,95,65,65,110,130,60,6,False,7
701,Hawlucha,Fighting,Flying,500,78,92,75,74,63,118,6,False,8
702,Dedenne,Electric,Fairy,431,67,58,57,81,67,101,6,False,7
703,Carbink,Rock,Fairy,500,50,50,150,50,150,50,6,False,7
704,Goomy,Dragon,Normal,300,45,50,35,55,75,40,6,False,5
705,Sliggoo,Dragon,Dark,452,68,75,53,83,113,60,6,False,7
706,Goodra,Dragon,Fire,600,90,100,70,110,150,80,6,False,6
707,Klefki,Steel,Fairy,470,57,80,91,80,87,75,6,False,6
708,Phantump,Ghost,Grass,309,43,70,48,50,60,38,6,False,8
709,Trevenant,Ghost,Grass,474,85,110,76,65,82,56,6,False,9
710,PumpkabooAverage Size,Ghost,Grass,335,49,66,70,44,55,51,6,False,21
710,PumpkabooSmall Size,Ghost,Grass,335,44,66,70,44,55,56,6,False,19
710,PumpkabooLarge Size,Ghost,Grass,335,54,66,70,44,55,46,6,False,19
710,PumpkabooSuper Size,Ghost,Grass,335,59,66,70,44,55,41,6,False,19
711,GourgeistAverage Size,Ghost,Grass,494,65,90,122,58,75,84,6,False,21
711,GourgeistSmall Size,Ghost,Grass,494,55,85,122,58,75,99,6,False,19
711,GourgeistLarge Size,Ghost,Grass,494,75,95,122,58,75,69,6,False,19
711,GourgeistSuper Size,Ghost,Grass,494,85,100,122,58,75,54,6,False,19
712,Bergmite,Ice,Bug,304,55,69,85,32,35,28,6,False,8
713,Avalugg,Ice,Rock,514,95,117,184,44,46,28,6,False,7
714,Noibat,Flying,Dragon,245,40,30,35,45,40,55,6,False,6
715,Noivern,Flying,Dragon,535,85,70,80,97,80,123,6,False,7
716,Xerneas,Fairy,Fighting,680,126,131,95,131,98,99,6,True,7
717,Yveltal,Dark,Flying,680,126,131,95,131,98,99,6,True,7
718,Zygarde50% Forme,Dragon,Ground,600,108,100,121,81,95,95,6,True,16
719,Diancie,Rock,Fairy,600,50,100,150,100,150,50,6,True,7
719,DiancieMega Diancie,Rock,Fairy,700,50,160,110,160,110,110,6,True,19
720,HoopaHoopa Confined,Psychic,Ghost,600,80,110,60,150,130,70,6,True,19
720,HoopaHoopa Unbound,Psychic,Dark,680,80,160,60,170,130,80,6,True,18
721,Volcanion,Fire,Water,600,80,110,120,130,90,70,6,True,9
